abstraction,count,correct,accuracy
lrg,1,1,1.0
nbccg,45,35,0.7777777777777778
nbhcg,4,3,0.75
na,13,5,0.38461538461538464
mcccg,30,10,0.3333333333333333
ccg,27,9,0.3333333333333333
nbvcg,9,3,0.3333333333333333
ccgbr,27,7,0.25925925925925924
ccgbr2,6,0,0.0
