all_unique_preds,correct_in_top1_only,correct_in_top2_only,correct_in_top3_only
1.0,0.5740740740740741,0.2222222222222222,0.07407407407407407
