top1_correct,top2_correct,top3_correct,any_correct
0.5740740740740741,0.48148148148148145,0.2962962962962963,0.8703703703703703
